ID,Video Initial Max DL Rate(kbps),E2E RTT(ms),Average Rate of Playing phase (kbps),Initial Buffering Latency(ms),Stalling Ratio,VMOS,Video Total DL Rate(kbps),Stalling Length,Playing Length,Total time of Playing phase (kbps),Stalling times,video bitrate,Video Initial buffer download,SQuality,SLoading,Sstalling
2937579,42931,47,5831,997,0.0,3.99,5902,0,30007,30007,0,2903,1536382,4.33,4.12,5.0
2937580,34917,50,6130,1166,0.0,3.95,6113,0,30003,30003,0,2966,1571829,4.34,4.0,5.0
2937588,30734,25,5291,854,0.0,4.04,5513,0,30004,30004,0,2966,1570892,4.34,4.22,5.0
2937597,59281,88,6531,1428,0.0,3.87,6792,0,30007,30007,0,2966,1593347,4.34,3.82,5.0
2937599,35107,46,6072,983,0.0,4.0,6050,0,30004,30004,0,2966,1598932,4.34,4.13,5.0
2937600,18225,21,5334,1036,0.0,3.98,5392,0,30005,30005,0,2934,1545732,4.33,4.09,5.0
2937604,53496,109,5004,1808,0.0,3.75,4955,0,30007,30007,0,2966,1620382,4.34,3.58,5.0
2937608,42637,66,5822,1080,0.0,3.97,6299,0,30004,30004,0,2934,1564624,4.33,4.06,5.0
2937612,23893,111,6128,1876,0.0,3.73,6284,0,30003,30003,0,2966,1601692,4.34,3.54,5.0
2937642,31660,72,5304,1291,0.0,3.91,5548,0,30005,30005,0,2966,1595771,4.34,3.91,5.0
2937643,62959,101,3715,1692,0.0,3.79,3682,0,30006,30006,0,2966,1653982,4.34,3.65,5.0
2937648,20453,24,6193,1044,0.0,3.98,6212,0,30003,30003,0,2966,1574262,4.34,4.09,5.0
2937652,34487,46,5858,983,0.0,4.0,6071,0,30002,30002,0,2966,1575092,4.34,4.13,5.0
2937663,55030,70,6267,1233,0.0,3.92,6510,0,30005,30005,0,2934,1650692,4.33,3.95,5.0
2937674,59661,95,6194,1678,0.0,3.79,6388,0,30003,30003,0,2934,1688492,4.33,3.66,5.0
2937679,22078,113,6060,2242,0.0,3.62,6016,0,30005,30005,0,2966,1565573,4.34,3.32,5.0
2937682,35013,48,5850,1005,0.0,3.99,6070,0,30003,30003,0,2966,1587692,4.34,4.11,5.0
2937699,29203,39,5204,991,0.0,3.99,5270,0,30010,30010,0,2903,1532222,4.33,4.12,5.0
2937692,46490,106,6486,1854,0.0,3.74,6632,0,30003,30003,0,2934,1710892,4.33,3.55,5.0
2937693,33839,47,6381,1514,0.0,3.84,6368,0,30032,30032,0,2903,1590510,4.33,3.77,5.0
2937696,12390,53,6135,2411,0.0,3.57,6086,0,30005,30005,0,2966,1565292,4.34,3.22,5.0
2937706,48015,93,6575,1661,0.0,3.8,6764,0,30004,30004,0,2934,1545692,4.33,3.67,5.0
2937707,45561,29,6070,864,0.0,4.03,6091,0,30004,30004,0,2903,1568297,4.33,4.22,5.0
2937712,22300,60,6471,2173,0.0,3.64,6424,0,30008,30008,0,2966,1580360,4.34,3.36,5.0
2937713,25375,26,5608,857,0.0,4.04,5637,0,30003,30003,0,2966,1588182,4.34,4.22,5.0
2937717,8346,66,5231,3404,0.035,2.97,5183,1010,28993,30003,1,2934,1543192,4.33,2.72,4.3
2937721,48681,39,5147,792,0.0,4.05,5320,0,30004,30004,0,2903,1596622,4.33,4.27,5.0
2937735,21430,60,6130,1583,0.0,3.82,6293,0,30005,30005,0,2903,1531692,4.33,3.72,5.0
2937739,50453,41,5996,821,0.0,4.05,6107,0,30003,30003,0,2966,1601817,4.34,4.25,5.0
2937746,25157,25,5552,897,0.0,4.03,5579,0,30004,30004,0,2966,1589622,4.34,4.19,5.0
2937748,74279,50,5975,894,0.0,4.03,6039,0,30002,30002,0,2966,1636603,4.34,4.2,5.0
2937764,31642,63,5781,1289,0.0,3.91,5935,0,30003,30003,0,2934,1560067,4.33,3.92,5.0
2937778,47600,102,6915,1916,0.0,3.72,6824,0,30005,30005,0,2934,1609182,4.33,3.51,5.0
2937779,47511,50,6016,952,0.0,4.01,6350,0,30008,30008,0,2903,1566132,4.33,4.15,5.0
2937781,33035,26,6016,703,0.0,4.09,6081,0,30004,30004,0,2966,1565822,4.34,4.34,5.0
2937793,62405,29,6014,665,0.0,4.09,6107,0,30009,30009,0,2903,1624257,4.33,4.37,5.0
2937834,37996,100,6921,1834,0.0,3.74,6815,0,30004,30004,0,2934,1613382,4.33,3.56,5.0
2937844,18454,99,5608,2443,0.0,3.56,5581,0,30005,30005,0,2934,1583492,4.33,3.21,5.0
2937845,25694,46,5832,1465,0.0,3.85,5920,0,30009,30009,0,2903,1547092,4.33,3.8,5.0
2937861,44580,38,5224,860,0.0,4.03,5413,0,30002,30002,0,2903,1586292,4.33,4.22,5.0
2937888,9653,38,2180,2135,0.568,1.0,2186,10873,19133,30006,5,2966,1563992,4.34,3.38,1.0
2937890,28950,89,6145,1895,0.0,3.73,6267,0,30003,30003,0,2966,1640588,4.34,3.52,5.0
2937894,44800,44,5889,847,0.0,4.04,6084,0,30005,30005,0,2903,1536059,4.33,4.23,5.0
2937899,65737,95,3507,1194,0.0,3.94,3863,0,30005,30005,0,2934,1543990,4.33,3.98,5.0
2937905,64316,108,6922,1862,0.0,3.74,6824,0,30009,30009,0,2934,1665182,4.33,3.54,5.0
2937925,6837,80,5924,3804,0.041,2.79,5869,1182,28822,30004,1,2966,1566592,4.34,2.54,4.18
2937932,20832,60,6398,1766,0.0,3.76,6356,0,30003,30003,0,2903,1534492,4.33,3.6,5.0
2937935,40299,50,5992,1076,0.0,3.97,6029,0,30002,30002,0,2903,1528892,4.33,4.06,5.0
2937954,16054,38,3488,1665,0.12,2.46,3452,3214,26790,30004,2,2903,1550992,4.33,3.67,2.6
2937958,30584,84,4701,1529,0.0,3.83,4930,0,30006,30006,0,2934,1620272,4.33,3.76,5.0
2937985,50400,93,6142,1403,0.0,3.87,6347,0,30005,30005,0,2966,1608692,4.34,3.84,5.0
2937993,46600,41,5951,844,0.0,4.04,6040,0,30005,30005,0,2966,1592097,4.34,4.23,5.0
2938000,6500,42,5202,3189,0.0,3.34,5183,0,30006,30006,0,2966,1565292,4.34,2.82,5.0
2938013,33386,51,5690,1152,0.0,3.95,5881,0,30013,30013,0,2966,1590492,4.34,4.01,5.0
2938016,60266,72,6428,1272,0.0,3.91,6699,0,30008,30008,0,2934,1573692,4.33,3.93,5.0
2938042,44467,34,6055,818,0.0,4.05,6125,0,30007,30007,0,2934,1603259,4.33,4.25,5.0
2938062,40719,61,5305,1081,0.0,3.97,5644,0,30021,30021,0,2934,1560102,4.33,4.06,5.0
2938069,40144,23,5209,674,0.0,4.1,5291,0,30008,30008,0,2966,1612022,4.34,4.36,5.0
2938082,27328,38,3912,1255,0.0,3.91,4094,0,30005,30005,0,2903,1541492,4.33,3.94,5.0
2938091,16717,30,5703,1353,0.0,3.89,5702,0,30006,30006,0,2934,1553592,4.33,3.87,5.0
2938095,52917,124,4146,2195,0.0,3.64,4093,0,30005,30005,0,2966,1724916,4.34,3.35,5.0
2938099,57493,50,6577,963,0.0,4.0,6572,0,30004,30004,0,2934,1575622,4.33,4.14,5.0
2938115,11232,35,4218,1681,0.0,3.79,4226,0,30004,30004,0,2934,1540592,4.33,3.66,5.0
2938129,19301,54,5888,1611,0.0,3.81,5885,0,30007,30007,0,2903,1537292,4.33,3.7,5.0
2938132,24839,54,5747,1423,0.0,3.87,5938,0,30008,30008,0,2966,1579292,4.34,3.83,5.0
2938137,54743,46,6111,853,0.0,4.04,6149,0,30005,30005,0,2966,1718019,4.34,4.23,5.0
2938140,90394,47,6873,841,0.0,4.04,6893,0,30004,30004,0,2934,1570021,4.33,4.23,5.0
2938144,57368,49,6109,911,0.0,4.02,6122,0,30003,30003,0,2934,1549022,4.33,4.18,5.0
2938147,24126,66,5852,1409,0.0,3.87,5910,0,30006,30006,0,2934,1549892,4.33,3.83,5.0
2938159,52400,62,5779,1082,0.0,3.97,5907,0,30004,30004,0,2903,1570492,4.33,4.06,5.0
2938171,44576,99,6927,1917,0.0,3.72,6819,0,30006,30006,0,2934,1589622,4.33,3.51,5.0
2938173,26510,131,6139,2807,0.0,3.45,6004,0,30004,30004,0,2934,1567182,4.33,3.01,5.0
2938178,29013,82,6054,1548,0.0,3.83,6037,0,30007,30007,0,2966,1596092,4.34,3.74,5.0
2938188,43184,55,5515,1109,0.0,3.96,5858,0,30007,30007,0,2966,1570892,4.34,4.04,5.0
2938190,40261,55,4942,1228,0.0,3.93,5501,0,30002,30002,0,2966,1580082,4.34,3.96,5.0
2938192,29546,70,5735,1477,0.0,3.85,5904,0,30006,30006,0,2966,1621782,4.34,3.79,5.0
2938193,105640,47,6668,808,0.0,4.05,6722,0,30006,30006,0,2934,1873822,4.33,4.26,5.0
2938205,26972,86,5740,1635,0.0,3.8,5818,0,30005,30005,0,2903,1548492,4.33,3.69,5.0
2938201,41947,21,6111,694,0.0,4.09,6148,0,30003,30003,0,2934,1594692,4.33,4.35,5.0
2938203,67413,69,5649,986,0.0,4.0,6061,0,30007,30007,0,2903,1563892,4.33,4.13,5.0
2938206,42267,51,6037,1088,0.0,3.96,6143,0,30016,30016,0,2903,1580692,4.33,4.06,5.0
2938213,88469,24,5684,587,0.0,4.12,6496,0,30003,30003,0,2903,1552412,4.33,4.43,5.0
2938214,33704,131,6822,2861,0.0,3.44,6805,0,30003,30003,0,2934,1624582,4.33,2.99,5.0
2938217,39851,51,5781,1022,0.0,3.99,6029,0,30004,30004,0,2934,1555532,4.33,4.1,5.0
2938220,83371,49,6401,837,0.0,4.04,6469,0,30004,30004,0,2934,1673622,4.33,4.24,5.0
2938228,32812,81,5715,1395,0.0,3.88,5941,0,30008,30008,0,2966,1564382,4.34,3.84,5.0
2938248,45724,34,6064,826,0.0,4.05,6123,0,30006,30006,0,2934,1604699,4.33,4.25,5.0
2938249,7312,31,3868,2374,0.177,1.52,3870,4522,25483,30005,3,2903,1527788,4.33,3.24,1.82
2938266,32630,23,5359,708,0.0,4.08,5975,0,30007,30007,0,2966,1565292,4.34,4.33,5.0
2938269,31661,53,5889,1229,0.0,3.93,5945,0,30009,30009,0,2966,1576492,4.34,3.96,5.0
2938276,8870,32,3709,2039,0.0,3.68,3698,0,30006,30006,0,2966,1567892,4.34,3.44,5.0
2938279,19061,133,5800,2914,0.0,3.42,5822,0,30006,30006,0,2934,1551782,4.33,2.96,5.0
2938284,46109,53,6813,995,0.0,4.0,6860,0,30007,30007,0,2934,1541492,4.33,4.12,5.0
2938308,77069,70,6108,1049,0.0,3.98,6100,0,30004,30004,0,2966,1642292,4.34,4.08,5.0
2938315,7921,30,3221,3161,0.081,2.55,3214,2258,27748,30006,2,2966,1563992,4.34,2.84,3.38
2938317,35693,54,5585,1146,0.0,3.95,5895,0,30006,30006,0,2903,1547092,4.33,4.01,5.0
2938326,57541,49,5815,941,0.0,4.01,6079,0,30004,30004,0,2934,1633932,4.33,4.16,5.0
2938329,57317,85,5552,1244,0.0,3.92,5913,0,30007,30007,0,2903,1542892,4.33,3.95,5.0
2938348,18658,56,5703,1643,0.0,3.8,5674,0,30003,30003,0,2966,1566592,4.34,3.68,5.0
2938353,43532,21,6333,737,0.0,4.08,6419,0,30025,30025,0,2966,1572572,4.34,4.31,5.0
2938359,29130,56,5690,1143,0.0,3.95,5943,0,30006,30006,0,2903,1544782,4.33,4.02,5.0
2938363,30708,54,5663,1132,0.0,3.95,5711,0,30005,30005,0,2903,1538096,4.33,4.02,5.0
2938365,53712,84,5585,1295,0.0,3.9,6121,0,30015,30015,0,2934,1566692,4.33,3.91,5.0
2938367,42656,64,5819,1135,0.0,3.95,5874,0,30007,30007,0,2934,1541892,4.33,4.02,5.0
2938373,38768,26,4872,677,0.0,4.09,5310,0,30006,30006,0,2966,1598932,4.34,4.36,5.0
2938382,29244,65,5633,1374,0.0,3.88,5964,0,30035,30035,0,2934,1589092,4.33,3.86,5.0
2938385,51495,68,5503,1515,0.0,3.84,5661,0,30005,30005,0,2966,1627796,4.34,3.76,5.0
2938394,20109,89,6046,2138,0.0,3.65,5962,0,30005,30005,0,2934,1566329,4.33,3.38,5.0
2938395,15640,59,5384,1789,0.0,3.76,5510,0,30004,30004,0,2966,1566592,4.34,3.59,5.0
2938398,54854,58,6197,1069,0.0,3.98,6177,0,30026,30026,0,2966,1654135,4.34,4.07,5.0
2938400,93297,26,5771,629,0.0,4.1,6486,0,30004,30004,0,2903,1564316,4.33,4.39,5.0
2938404,54140,34,6029,719,0.0,4.08,6134,0,30004,30004,0,2966,1636369,4.34,4.33,5.0
2938408,20013,61,5650,1435,0.0,3.86,5659,0,30014,30014,0,2903,1551096,4.33,3.82,5.0
2938418,17639,39,5716,2484,0.0,3.55,5516,0,30014,30014,0,2934,1552781,4.33,3.18,5.0
2938445,35616,23,5548,765,0.0,4.07,5980,0,30049,30049,0,2966,1629692,4.34,4.29,5.0
2938474,58385,30,6065,718,0.0,4.08,6128,0,30003,30003,0,2934,1586499,4.33,4.33,5.0
2938531,39872,51,6851,1023,0.0,3.99,6860,0,30018,30018,0,2934,1576492,4.33,4.1,5.0
2938532,46520,76,5893,1208,0.0,3.93,6046,0,30006,30006,0,2966,1564382,4.34,3.97,5.0
2938539,44147,114,5618,2030,0.0,3.68,5533,0,30004,30004,0,2934,1567181,4.33,3.44,5.0
2938543,50133,80,5713,1230,0.0,3.93,6009,0,30005,30005,0,2966,1615692,4.34,3.96,5.0
2938547,27562,129,6211,2696,0.0,3.49,6070,0,30012,30012,0,2934,1565782,4.33,3.07,5.0
2938562,62778,92,3029,1274,0.0,3.91,3697,0,30014,30014,0,2966,1634452,4.34,3.93,5.0
2938570,18384,67,5779,1838,0.0,3.74,5904,0,30005,30005,0,2934,1573692,4.33,3.56,5.0
2938574,52093,70,5737,1269,0.0,3.92,5959,0,30006,30006,0,2966,1653552,4.34,3.93,5.0
2938576,55056,94,4221,1319,0.0,3.9,4576,0,30007,30007,0,2966,1637511,4.34,3.9,5.0
2938580,31281,47,5838,1203,0.0,3.93,6055,0,30003,30003,0,2903,1577892,4.33,3.97,5.0
2938585,30152,63,3895,1465,0.0,3.85,4046,0,30006,30006,0,2934,1617971,4.33,3.8,5.0
2938586,47107,50,5413,942,0.0,4.01,5908,0,30016,30016,0,2966,1594692,4.34,4.16,5.0
2938590,30975,81,5678,1393,0.0,3.88,5929,0,30009,30009,0,2966,1575144,4.34,3.85,5.0
2938600,58324,64,5527,1112,0.0,3.96,5954,0,30009,30009,0,2934,1632492,4.33,4.04,5.0
2938612,56923,71,5709,1176,0.0,3.94,6046,0,30011,30011,0,2966,1654116,4.34,3.99,5.0
2938635,29148,61,5611,1244,0.0,3.92,5779,0,30006,30006,0,2934,1565292,4.33,3.95,5.0
2938636,30800,77,5962,1405,0.0,3.87,5995,0,30012,30012,0,2966,1570892,4.34,3.84,5.0
2938659,29517,62,5876,1281,0.0,3.91,5978,0,30006,30006,0,2934,1556892,4.33,3.92,5.0
2938660,24862,95,3048,1495,0.0,3.85,3298,0,30011,30011,0,2966,1583660,4.34,3.78,5.0
2938669,24535,59,5248,1401,0.0,3.87,5315,0,30007,30007,0,2934,1647682,4.33,3.84,5.0
2938673,48496,52,6101,979,0.0,4.0,6100,0,30015,30015,0,2966,1593292,4.34,4.13,5.0
2938685,33031,81,5839,1315,0.0,3.9,5941,0,30012,30012,0,2966,1579292,4.34,3.9,5.0
2938689,44212,61,4917,1034,0.0,3.98,5507,0,30023,30023,0,2934,1590612,4.33,4.09,5.0
2938696,48608,104,6432,1940,0.0,3.71,6332,0,30004,30004,0,2934,1753382,4.33,3.5,5.0
2938697,74133,58,5500,959,0.0,4.0,6022,0,30006,30006,0,2903,1544292,4.33,4.15,5.0
2938698,46240,80,5431,1250,0.0,3.92,5704,0,30023,30023,0,2934,1608692,4.33,3.94,5.0
2938702,88501,53,5427,842,0.0,4.04,6031,0,30002,30002,0,2903,1549892,4.33,4.23,5.0
2938710,20602,41,5542,1403,0.0,3.87,5538,0,30014,30014,0,2903,1530252,4.33,3.84,5.0
2938714,24273,43,5545,1285,0.0,3.91,5579,0,30005,30005,0,2934,1544492,4.33,3.92,5.0
2938720,20210,58,3529,1405,0.0,3.87,3703,0,30004,30004,0,2966,1566592,4.34,3.84,5.0
2938723,29250,59,5408,1210,0.0,3.93,5612,0,30008,30008,0,2903,1556192,4.33,3.97,5.0
2938746,28109,55,5916,1183,0.0,3.94,5920,0,30017,30017,0,2934,1559692,4.33,3.99,5.0
2938747,45928,55,5529,1156,0.0,3.95,5862,0,30019,30019,0,2934,1551044,4.33,4.01,5.0
2938760,18375,57,5802,1527,0.0,3.83,5964,0,30003,30003,0,2903,1563892,4.33,3.76,5.0
2938766,16960,54,5524,1594,0.0,3.82,5542,0,30009,30009,0,2934,1540592,4.33,3.71,5.0
2938784,84166,34,6158,645,0.0,4.1,6423,0,30002,30002,0,2934,1551332,4.33,4.38,5.0
2938796,27346,57,5922,2688,0.0,3.49,5826,0,30007,30007,0,2903,1578684,4.33,3.07,5.0
2938801,33317,52,6179,1426,0.0,3.87,6274,0,30004,30004,0,2966,1572460,4.34,3.82,5.0
2938807,23200,85,5336,2546,0.0,3.53,5327,0,30004,30004,0,2934,1571397,4.33,3.15,5.0
2938809,36800,99,5421,1915,0.0,3.72,5343,0,30004,30004,0,2934,1561622,4.33,3.51,5.0
2938822,10829,51,6121,2081,0.0,3.67,6095,0,30003,30003,0,2903,1528944,4.33,3.41,5.0
2938823,31488,55,5474,1207,0.0,3.93,5778,0,30019,30019,0,2934,1595722,4.33,3.97,5.0
2938834,33600,53,5345,1236,0.0,3.92,5569,0,30004,30004,0,2934,1569492,4.33,3.95,5.0
2938837,105066,33,9946,605,0.027,3.88,9982,798,29212,30010,1,2934,1768292,4.33,4.41,4.46
2938838,35295,55,4777,1091,0.0,3.97,5008,0,30006,30006,0,2934,1569192,4.33,4.05,5.0
2938855,31390,55,4547,1506,0.0,3.84,4791,0,30004,30004,0,2934,1559692,4.33,3.77,5.0
2938869,25265,66,5795,1502,0.0,3.85,5962,0,30003,30003,0,2966,1569492,4.34,3.77,5.0
2938890,29904,50,4921,1180,0.0,3.94,4948,0,30003,30003,0,2966,1609982,4.34,3.99,5.0
2938899,13058,45,3928,1738,0.0,3.77,3920,0,30003,30003,0,2966,1569192,4.34,3.62,5.0
2938902,34844,35,6192,945,0.0,4.01,6188,0,30004,30004,0,2966,1568092,4.34,4.16,5.0
2938910,19140,53,3277,1544,0.076,3.09,3519,2131,27873,30004,1,2934,1540092,4.33,3.75,3.48
2938913,112852,32,5964,570,0.0,4.12,6337,0,30003,30003,0,2934,1745492,4.33,4.44,5.0
2938918,37333,53,4428,1082,0.0,3.97,4409,0,30003,30003,0,2966,1582092,4.34,4.06,5.0
2938925,26520,47,2720,1177,0.216,1.57,2800,5326,24690,30016,2,2966,1589992,4.34,3.99,1.56
2938932,8968,56,3414,2726,0.0,3.48,3528,0,30003,30003,0,2966,1569492,4.34,3.05,5.0
2938939,11375,51,2993,2061,0.025,3.46,3193,720,29283,30003,1,2966,1563892,4.34,3.42,4.5
2938941,31869,34,6192,1075,0.0,3.97,6177,0,30003,30003,0,2966,1594732,4.34,4.06,5.0
2938943,27464,52,6229,1550,0.0,3.83,6187,0,30004,30004,0,2966,1580843,4.34,3.74,5.0
2938966,13167,72,2346,2413,0.539,1.0,2576,10507,19499,30006,4,2934,1547092,4.33,3.22,1.0
2938974,9406,69,1852,3881,0.643,1.0,2021,11741,18264,30005,4,2966,1565344,4.34,2.51,1.0
2938976,9449,47,2369,2420,0.502,1.0,2407,10025,19985,30010,4,2966,1565782,4.34,3.22,1.0
2938989,17062,50,3302,2013,0.146,1.9,3354,3822,26186,30008,3,2934,1554582,4.33,3.45,2.08
2938993,10500,54,2067,2455,0.682,1.0,2294,12164,17839,30003,4,2934,1561092,4.33,3.2,1.0
2939008,10500,54,2538,2616,0.281,1.0,2727,6584,23418,30002,3,2966,1567272,4.34,3.11,1.13
2939016,5906,52,3069,4909,0.246,1.0,3044,5915,24087,30002,3,2934,1547092,4.33,2.12,1.36
2939022,23174,58,3578,1338,0.083,3.07,3585,2287,27717,30004,1,2934,1544292,4.33,3.88,3.34
2939031,39380,46,4703,977,0.0,4.0,5135,0,30005,30005,0,2903,1552782,4.33,4.13,5.0
2939077,4375,54,2250,5298,0.314,1.0,2290,7164,22841,30005,3,2966,1568092,4.34,1.99,1.0
2939258,12777,64,5390,1978,0.0,3.7,5378,0,30009,30009,0,2966,1573092,4.34,3.47,5.0
2939261,30240,53,5982,1276,0.0,3.91,6187,0,30004,30004,0,2934,1542932,4.33,3.92,5.0
2939262,61418,48,5171,903,0.0,4.02,5504,0,30021,30021,0,2903,1582192,4.33,4.19,5.0
2939265,7816,80,1077,9207,1.722,1.0,1056,18981,11024,30005,3,2966,1563715,4.34,1.09,1.0
2939266,19184,48,5516,1470,0.0,3.85,5517,0,30004,30004,0,2966,1595192,4.34,3.79,5.0
2939269,7341,46,5336,2756,0.0,3.47,5305,0,30010,30010,0,2966,1572276,4.34,3.04,5.0
2939272,3281,81,630,12515,1.972,1.0,725,19910,10094,30004,3,2966,1565856,4.34,1.0,1.0
2939277,55554,58,5505,1036,0.0,3.98,5650,0,30008,30008,0,2903,1541892,4.33,4.09,5.0
2939284,72216,62,5624,976,0.0,4.0,5870,0,30014,30014,0,2903,1586092,4.33,4.14,5.0
2939286,28539,48,5033,1273,0.0,3.91,5141,0,30017,30017,0,2966,1570492,4.34,3.93,5.0
2939287,5250,75,611,12313,3.02,1.0,705,22539,7464,30003,2,2966,1565292,4.34,1.0,1.0
2939289,51900,53,4897,973,0.0,4.0,5452,0,30003,30003,0,2903,1606892,4.33,4.14,5.0
2939293,11984,52,5584,2406,0.0,3.58,5574,0,30009,30009,0,2966,1571792,4.34,3.23,5.0
2939295,18703,38,5361,1511,0.0,3.84,5345,0,30020,30020,0,2966,1582192,4.34,3.77,5.0
2939330,51831,53,5595,974,0.0,4.0,5767,0,30009,30009,0,2934,1652496,4.33,4.14,5.0
2939333,54323,59,5547,1084,0.0,3.97,5673,0,30007,30007,0,2903,1584671,4.33,4.06,5.0
2939337,62612,56,5461,1034,0.0,3.98,5735,0,30027,30027,0,2934,1573300,4.33,4.09,5.0
2939340,31508,51,5317,1093,0.0,3.97,5405,0,30017,30017,0,2966,1584792,4.34,4.05,5.0
2939356,83121,59,5809,909,0.0,4.02,6105,0,30006,30006,0,2903,1572292,4.33,4.18,5.0
2939359,7617,56,3877,3108,0.085,2.52,3863,2355,27653,30008,2,2903,1535392,4.33,2.86,3.3
2939360,16464,61,6069,1551,0.0,3.83,6078,0,30003,30003,0,2934,1552692,4.33,3.74,5.0
2939366,91374,50,5764,781,0.0,4.06,6119,0,30011,30011,0,2903,1587692,4.33,4.28,5.0
2939385,32716,57,4794,1127,0.0,3.95,5056,0,30056,30056,0,2903,1639664,4.33,4.03,5.0
2939386,48030,68,5807,1042,0.0,3.98,6104,0,30002,30002,0,2934,1619892,4.33,4.09,5.0
2939420,16453,45,3957,1864,0.0,3.73,4018,0,30012,30012,0,2903,1528892,4.33,3.54,5.0
2939447,24266,48,5297,1210,0.0,3.93,5384,0,30007,30007,0,2903,1571792,4.33,3.97,5.0
2939451,55952,48,4601,927,0.0,4.02,4890,0,30010,30010,0,2934,1609492,4.33,4.17,5.0
2939467,4976,60,2389,5423,0.838,1.0,2403,13679,16333,30012,7,2934,1540592,4.33,1.95,1.0
2939479,25537,40,4868,1006,0.0,3.99,5300,0,30006,30006,0,2934,1541556,4.33,4.11,5.0
2939503,29374,45,3975,1280,0.0,3.91,4207,0,30013,30013,0,2934,1694140,4.33,3.92,5.0
2939524,72960,56,6100,871,0.0,4.03,6130,0,30006,30006,0,2903,1587692,4.33,4.21,5.0
2939525,35546,53,3797,1089,0.0,3.97,4033,0,30006,30006,0,2934,1544492,4.33,4.05,5.0
2939534,64296,50,5975,942,0.0,4.01,6029,0,30004,30004,0,2903,1549892,4.33,4.16,5.0
2939539,8750,48,6046,2403,0.0,3.58,6001,0,30012,30012,0,2966,1565292,4.34,3.23,5.0
2939556,57687,63,3817,1026,0.0,3.99,4233,0,30008,30008,0,2934,1605364,4.33,4.1,5.0
2939562,33177,48,6076,1176,0.0,3.94,6085,0,30005,30005,0,2934,1541492,4.33,3.99,5.0
2939563,27610,56,3856,1261,0.0,3.92,4082,0,30014,30014,0,2934,1579708,4.33,3.93,5.0
2939567,20513,44,2808,1711,0.228,1.3,2853,5566,24444,30010,3,2966,1570492,4.34,3.64,1.48
2939568,40807,61,5978,1119,0.0,3.96,6086,0,30008,30008,0,2966,1766892,4.34,4.03,5.0
2939573,39310,61,4997,1129,0.0,3.95,5270,0,30011,30011,0,2903,1644592,4.33,4.03,5.0
2939580,7718,48,3176,4308,0.252,1.0,3181,6034,23976,30010,4,2903,1530192,4.33,2.34,1.32
2939582,30569,48,5082,1121,0.0,3.96,5302,0,30018,30018,0,2934,1588652,4.33,4.03,5.0
2939586,37172,43,4513,1304,0.0,3.9,4664,0,30011,30011,0,2966,1588692,4.34,3.91,5.0
2939590,16351,41,5447,1468,0.0,3.86,5487,0,30014,30014,0,2966,1578292,4.34,3.8,5.0
2939602,35796,62,4073,1147,0.0,3.95,4312,0,30017,30017,0,2934,1543786,4.33,4.01,5.0
2939623,21109,52,3340,1268,0.147,2.1,3454,3851,26160,30011,2,2934,1582192,4.33,3.93,2.06
2939636,7210,44,2910,2999,0.205,1.11,2912,5114,24898,30012,3,2966,1569192,4.34,2.92,1.63
2939664,33489,28,6001,785,0.0,4.06,6088,0,30002,30002,0,2903,1531692,4.33,4.28,5.0
2939699,69712,29,5988,710,0.0,4.08,6036,0,30004,30004,0,2934,1593292,4.33,4.33,5.0
2939703,55890,32,6081,774,0.0,4.06,6129,0,30004,30004,0,2934,1624711,4.33,4.28,5.0
2939709,49235,29,5931,685,0.0,4.09,6130,0,30003,30003,0,2934,1556892,4.33,4.35,5.0
2939710,67484,32,5877,626,0.0,4.11,6125,0,30003,30003,0,2934,1621292,4.33,4.4,5.0
2939740,41857,41,6678,876,0.0,4.03,6841,0,30004,30004,0,2903,1548114,4.33,4.21,5.0
2939743,66221,29,6195,619,0.0,4.11,6258,0,30005,30005,0,2903,1597492,4.33,4.4,5.0
2939746,70863,36,5890,794,0.0,4.06,6107,0,30004,30004,0,2934,1607292,4.33,4.27,5.0
2939755,39728,29,5989,715,0.0,4.08,6106,0,30003,30003,0,2903,1541492,4.33,4.33,5.0
2939774,58419,30,5753,655,0.0,4.1,6117,0,30002,30002,0,2934,1691292,4.33,4.37,5.0
2939795,53801,42,6158,971,0.0,4.0,6136,0,30003,30003,0,2934,1615692,4.33,4.14,5.0
2939800,55878,40,6082,732,0.0,4.07,6141,0,30004,30004,0,2934,1585414,4.33,4.32,5.0
2939823,62566,30,5995,628,0.0,4.1,6104,0,30007,30007,0,2903,1582184,4.33,4.4,5.0
2939831,50355,37,5915,804,0.0,4.05,6117,0,30005,30005,0,2934,1604492,4.33,4.26,5.0
2939851,56670,31,5865,669,0.0,4.09,6122,0,30003,30003,0,2934,1580692,4.33,4.36,5.0
2939865,29579,29,6027,777,0.0,4.06,6100,0,30011,30011,0,2903,1530821,4.33,4.28,5.0
2939900,60893,39,6808,854,0.0,4.04,6778,0,30004,30004,0,2966,1584960,4.34,4.22,5.0
2939910,71114,28,6620,610,0.0,4.11,6874,0,30003,30003,0,2903,1582092,4.33,4.41,5.0
2939917,52755,30,5901,625,0.0,4.1,6095,0,30006,30006,0,2903,1537254,4.33,4.4,5.0
2939922,63466,26,6099,609,0.0,4.11,6152,0,30004,30004,0,2934,1568092,4.33,4.41,5.0
2939933,73204,31,5922,590,0.0,4.12,6141,0,30002,30002,0,2966,1627956,4.34,4.43,5.0
2939935,25648,48,6146,1335,0.0,3.89,6128,0,30004,30004,0,2934,1544292,4.33,3.88,5.0
2939945,73520,25,6690,599,0.0,4.12,6896,0,30003,30003,0,2966,1579484,4.34,4.42,5.0
2939970,74874,30,6023,657,0.0,4.1,6115,0,30004,30004,0,2903,1662854,4.33,4.37,5.0
2939994,72468,29,5960,589,0.0,4.12,6110,0,30005,30005,0,2903,1572282,4.33,4.43,5.0
2939999,43852,48,5908,922,0.0,4.02,6089,0,30003,30003,0,2966,1576420,4.34,4.17,5.0
2940029,42988,27,6069,667,0.0,4.09,6147,0,30006,30006,0,2934,1597584,4.33,4.37,5.0
2940052,39424,22,5930,690,0.0,4.09,6122,0,30004,30004,0,2934,1540092,4.33,4.35,5.0
2940089,58180,30,6012,643,0.0,4.1,6109,0,30004,30004,0,2903,1556892,4.33,4.38,5.0
2940095,50036,29,6046,677,0.0,4.09,6110,0,30006,30006,0,2903,1531910,4.33,4.36,5.0
2940109,52859,31,5983,675,0.0,4.09,6101,0,30005,30005,0,2903,1582982,4.33,4.36,5.0
2940112,72522,26,5926,602,0.0,4.12,6123,0,30003,30003,0,2966,1620804,4.34,4.42,5.0
2940132,55573,28,6076,630,0.0,4.11,6137,0,30003,30003,0,2934,1561092,4.33,4.39,5.0
2940153,43543,28,5997,707,0.0,4.08,6090,0,30019,30019,0,2903,1553342,4.33,4.34,5.0
2940209,50192,27,6083,643,0.0,4.1,6142,0,30003,30003,0,2934,1590544,4.33,4.38,5.0
2940286,52769,21,5941,780,0.0,4.06,6096,0,30003,30003,0,2934,1545692,4.33,4.28,5.0
2940294,46978,29,6033,1158,0.0,3.94,6012,0,30006,30006,0,2903,1538238,4.33,4.01,5.0
2940301,52486,27,6069,631,0.0,4.1,6128,0,30002,30002,0,2903,1587198,4.33,4.39,5.0
2940308,41198,26,5945,703,0.0,4.09,6127,0,30003,30003,0,2966,1591220,4.34,4.34,5.0
2940309,58133,28,5887,614,0.0,4.11,6107,0,30003,30003,0,2903,1566692,4.33,4.41,5.0
2940328,42582,26,5933,668,0.0,4.1,6121,0,30003,30003,0,2966,1575036,4.34,4.36,5.0
2940331,55560,36,6027,694,0.0,4.08,6118,0,30003,30003,0,2903,1604678,4.33,4.35,5.0
2940336,54981,30,6076,660,0.0,4.09,6123,0,30003,30003,0,2903,1542892,4.33,4.37,5.0
2940357,44023,26,5902,657,0.0,4.1,6101,0,30002,30002,0,2903,1530270,4.33,4.37,5.0
2940360,54707,65,3525,1118,0.0,3.96,3776,0,30003,30003,0,2966,1610092,4.34,4.03,5.0
2940377,56434,28,6002,661,0.0,4.09,6097,0,30009,30009,0,2903,1611492,4.33,4.37,5.0
2940403,47461,27,5931,657,0.0,4.1,6122,0,30002,30002,0,2966,1643692,4.34,4.37,5.0
2940411,51655,31,5980,664,0.0,4.09,6116,0,30003,30003,0,2903,1564286,4.33,4.37,5.0
2940465,57541,72,6907,1266,0.0,3.91,6866,0,30005,30005,0,2934,1564064,4.33,3.93,5.0
2940486,28598,69,5872,1350,0.0,3.89,6047,0,30003,30003,0,2934,1562492,4.33,3.87,5.0
2940487,40656,27,5927,712,0.0,4.08,6118,0,30002,30002,0,2934,1565292,4.33,4.33,5.0
2940491,53621,30,5870,637,0.0,4.1,6105,0,30004,30004,0,2903,1578526,4.33,4.39,5.0
2940524,46800,63,6236,1163,0.0,3.95,6380,0,30003,30003,0,2966,1663292,4.34,4.0,5.0
2940536,57304,64,5852,1140,0.0,3.95,6014,0,30004,30004,0,2966,1625532,4.34,4.02,5.0
2940538,45143,25,6146,655,0.0,4.1,6148,0,30002,30002,0,2966,1565292,4.34,4.37,5.0
2940541,53390,27,6058,700,0.0,4.08,6128,0,30002,30002,0,2934,1547092,4.33,4.34,5.0
2940542,48890,27,5990,657,0.0,4.1,6109,0,30012,30012,0,2903,1534492,4.33,4.37,5.0
2940546,40807,26,5875,738,0.0,4.07,6080,0,30004,30004,0,2903,1557956,4.33,4.31,5.0
2940553,57304,65,5948,1108,0.0,3.96,5910,0,30003,30003,0,2966,1568092,4.34,4.04,5.0
2940569,49922,27,5921,639,0.0,4.1,6132,0,30004,30004,0,2934,1540092,4.33,4.39,5.0
2940574,37882,72,6127,1316,0.0,3.9,6094,0,30004,30004,0,2934,1547092,4.33,3.9,5.0
2940576,35984,22,6102,732,0.0,4.07,6154,0,30003,30003,0,2934,1572292,4.33,4.32,5.0
2940582,40384,26,5940,693,0.0,4.09,6121,0,30002,30002,0,2966,1578532,4.34,4.35,5.0
2940584,28575,72,6553,1424,0.0,3.87,6672,0,30013,30013,0,2934,1569492,4.33,3.82,5.0
2940591,41066,27,6101,704,0.0,4.08,6145,0,30004,30004,0,2934,1600292,4.33,4.34,5.0
2940593,43469,71,5923,1249,0.0,3.92,6078,0,30006,30006,0,2934,1579332,4.33,3.94,5.0
2940599,38959,28,5892,735,0.0,4.07,6090,0,30003,30003,0,2903,1557956,4.33,4.31,5.0
2940600,51033,22,6096,709,0.0,4.08,6136,0,30016,30016,0,2934,1652132,4.33,4.33,5.0
2940602,15360,127,6097,2869,0.0,3.43,5960,0,30004,30004,0,2903,1568622,4.33,2.98,5.0
2940614,41646,25,5908,685,0.0,4.09,6121,0,30004,30004,0,2934,1593292,4.33,4.35,5.0
2940624,36100,27,5933,736,0.0,4.07,6123,0,30003,30003,0,2934,1575092,4.33,4.31,5.0
2940628,33250,25,6089,766,0.0,4.06,6126,0,30003,30003,0,2903,1549892,4.33,4.29,5.0
2940648,34819,28,6010,799,0.0,4.05,6100,0,30013,30013,0,2903,1528126,4.33,4.27,5.0
2940649,42775,70,5911,1270,0.0,3.91,6064,0,30003,30003,0,2934,1590492,4.33,3.93,5.0
2940653,37615,36,5937,783,0.0,4.06,6125,0,30004,30004,0,2966,1575092,4.34,4.28,5.0
2940654,39760,23,6063,706,0.0,4.08,6132,0,30007,30007,0,2934,1552692,4.33,4.34,5.0
2940655,49000,71,6086,1273,0.0,3.91,6229,0,30004,30004,0,2903,1579292,4.33,3.93,5.0
2940656,40320,32,6019,741,0.0,4.07,6109,0,30003,30003,0,2903,1530270,4.33,4.31,5.0
2940662,50064,65,5833,1138,0.0,3.95,6012,0,30004,30004,0,2966,1611492,4.34,4.02,5.0
2940666,45500,63,6107,1105,0.0,3.96,6079,0,30003,30003,0,2966,1596092,4.34,4.04,5.0
2940667,48094,27,6079,662,0.0,4.1,6082,0,30004,30004,0,2966,1642292,4.34,4.37,5.0
2940673,58086,65,5862,1075,0.0,3.97,6035,0,30002,30002,0,2966,1568092,4.34,4.06,5.0
2940675,42119,26,6106,685,0.0,4.09,6140,0,30003,30003,0,2934,1587692,4.33,4.35,5.0
2940680,46457,42,6168,781,0.0,4.06,6155,0,30008,30008,0,2966,1570804,4.34,4.28,5.0
2940682,53307,72,5882,1268,0.0,3.91,6040,0,30002,30002,0,2903,1559732,4.33,3.93,5.0
2940687,45126,25,5884,640,0.0,4.1,6129,0,30002,30002,0,2934,1563892,4.33,4.39,5.0
2940693,29141,65,6104,1256,0.0,3.92,6072,0,30002,30002,0,2966,1583492,4.34,3.94,5.0
2940694,47105,29,5869,649,0.0,4.1,6100,0,30002,30002,0,2903,1569492,4.33,4.38,5.0
2940696,48569,41,6156,819,0.0,4.05,6142,0,30024,30024,0,2966,1573188,4.34,4.25,5.0
2940697,56112,71,6101,1252,0.0,3.92,6061,0,30003,30003,0,2903,1551292,4.33,3.94,5.0
2940703,48392,29,6145,717,0.0,4.08,6336,0,30005,30005,0,2966,1566188,4.34,4.33,5.0
2940707,56822,70,6116,1288,0.0,3.91,6088,0,30002,30002,0,2934,1541492,4.33,3.92,5.0
2940710,55146,72,6100,1225,0.0,3.93,6089,0,30004,30004,0,2934,1591892,4.33,3.96,5.0
2940716,59422,25,5962,611,0.0,4.11,6018,0,30004,30004,0,2903,1582982,4.33,4.41,5.0
2940719,41671,27,5924,649,0.0,4.1,6135,0,30005,30005,0,2934,1558539,4.33,4.38,5.0
2940723,45881,26,6163,768,0.0,4.07,6142,0,30009,30009,0,2966,1575148,4.34,4.29,5.0
2940739,16966,71,6065,2022,0.0,3.68,6095,0,30003,30003,0,2903,1569532,4.33,3.45,5.0
2940749,49056,27,6012,627,0.0,4.1,6104,0,30004,30004,0,2903,1577142,4.33,4.4,5.0
2940763,36938,21,6087,670,0.0,4.09,6147,0,30005,30005,0,2934,1552692,4.33,4.36,5.0
2940769,38358,25,5922,713,0.0,4.08,6116,0,30003,30003,0,2966,1606468,4.34,4.33,5.0
2940772,28264,71,5612,1443,0.0,3.86,5749,0,30011,30011,0,2903,1559692,4.33,3.81,5.0
2940777,39265,65,6087,1182,0.0,3.94,6050,0,30003,30003,0,2966,1629692,4.34,3.99,5.0
2940794,48160,26,5904,635,0.0,4.1,6125,0,30003,30003,0,2934,1554092,4.33,4.39,5.0
2940805,40031,69,5889,1250,0.0,3.92,6040,0,30006,30006,0,2903,1555532,4.33,3.94,5.0
2940806,46463,27,5914,638,0.0,4.1,6122,0,30003,30003,0,2934,1577892,4.33,4.39,5.0
2940817,36906,26,6060,699,0.0,4.08,6149,0,30005,30005,0,2934,1561092,4.33,4.34,5.0
2940846,34784,26,6073,724,0.0,4.08,6109,0,30016,30016,0,2966,1622692,4.34,4.32,5.0
2940860,36955,70,6137,1296,0.0,3.9,6099,0,30004,30004,0,2934,1557996,4.33,3.91,5.0
2940893,41453,63,5863,1148,0.0,3.95,6029,0,30005,30005,0,2966,1628292,4.34,4.01,5.0
2940919,40890,70,6038,1282,0.0,3.91,6211,0,30010,30010,0,2903,1538732,4.33,3.92,5.0
2940926,40707,64,5979,1168,0.0,3.95,5991,0,30045,30045,0,2966,1573692,4.34,4.0,5.0
2940934,43043,70,5851,1273,0.0,3.91,6016,0,30013,30013,0,2903,1674492,4.33,3.93,5.0
2940967,40501,70,5912,1274,0.0,3.91,6012,0,30011,30011,0,2903,1548532,4.33,3.93,5.0
2940970,40619,69,5757,1279,0.0,3.91,5991,0,30020,30020,0,2903,1552692,4.33,3.92,5.0
2940974,51350,63,5618,1117,0.0,3.96,5968,0,30006,30006,0,2966,1590492,4.34,4.03,5.0
2940984,22736,72,5854,1581,0.0,3.82,5975,0,30022,30022,0,2903,1538692,4.33,3.72,5.0
2941000,73813,84,6928,1470,0.0,3.85,6854,0,30006,30006,0,2934,1653982,4.33,3.79,5.0
2941002,65481,40,5365,774,0.0,4.06,5641,0,30012,30012,0,2934,1609616,4.33,4.28,5.0
2941010,32332,36,5546,964,0.0,4.01,5667,0,30030,30030,0,2966,1579592,4.34,4.14,5.0
2941022,63400,36,5397,783,0.0,4.06,5698,0,30007,30007,0,2903,1536692,4.33,4.28,5.0
2941061,27565,37,5618,1189,0.0,3.94,5630,0,30010,30010,0,2966,1588692,4.34,3.98,5.0
2941064,41437,38,5590,905,0.0,4.02,5819,0,30005,30005,0,2934,1566592,4.33,4.19,5.0
2941067,32278,35,5586,916,0.0,4.02,5641,0,30004,30004,0,2966,1638092,4.34,4.18,5.0
2941071,20958,85,6517,1983,0.0,3.7,6442,0,30003,30003,0,2903,1548492,4.33,3.47,5.0
2941073,23000,37,5656,1232,0.0,3.93,5652,0,30005,30005,0,2966,1574392,4.34,3.95,5.0
2941074,55498,37,5044,784,0.0,4.06,5597,0,30006,30006,0,2903,1644592,4.33,4.28,5.0
2941078,64400,85,6934,1478,0.0,3.85,6861,0,30004,30004,0,2934,1555492,4.33,3.79,5.0
2941082,28831,120,5752,2512,0.0,3.54,5807,0,30005,30005,0,2966,1567222,4.34,3.17,5.0
2941083,56173,36,6411,757,0.0,4.06,6870,0,30008,30008,0,2903,1540892,4.33,4.3,5.0
2941089,37079,122,5900,2349,0.0,3.59,5968,0,30003,30003,0,2966,1607292,4.34,3.26,5.0
2941093,46194,36,6190,773,0.0,4.07,6379,0,30010,30010,0,2966,1569692,4.34,4.29,5.0
2941101,59962,33,6377,732,0.0,4.07,6836,0,30007,30007,0,2903,1574012,4.33,4.32,5.0
2941126,37296,126,5868,2655,0.0,3.5,5924,0,30002,30002,0,2903,1545732,4.33,3.09,5.0
2941173,61916,88,6685,1521,0.0,3.84,6806,0,30003,30003,0,2934,1661892,4.33,3.76,5.0
2941192,82651,70,6766,1305,0.0,3.9,6704,0,30003,30003,0,2966,1723982,4.34,3.9,5.0
2941197,23841,133,6142,2844,0.0,3.44,5998,0,30004,30004,0,2934,1549892,4.33,2.99,5.0
2941200,19796,132,6197,2969,0.0,3.41,6064,0,30005,30005,0,2934,1540132,4.33,2.93,5.0
2941204,73853,68,6895,1290,0.0,3.91,6829,0,30015,30015,0,2966,1763182,4.34,3.91,5.0
2941207,66153,88,6930,1486,0.0,3.85,6864,0,30003,30003,0,2934,1617092,4.33,3.78,5.0
2941208,24528,121,5749,2647,0.0,3.5,5778,0,30003,30003,0,2966,1569492,4.34,3.1,5.0
2941210,75496,70,6611,1281,0.0,3.91,6744,0,30004,30004,0,2966,1688492,4.34,3.92,5.0
2941216,66153,72,6075,1291,0.0,3.91,6237,0,30003,30003,0,2966,1575622,4.34,3.91,5.0
2941219,30406,120,5747,2429,0.0,3.57,5812,0,30002,30002,0,2966,1567182,4.34,3.21,5.0
2941222,78954,71,6071,1269,0.0,3.92,6251,0,30004,30004,0,2966,1618492,4.34,3.93,5.0
2941235,77401,71,6916,1270,0.0,3.91,6860,0,30003,30003,0,2966,1655382,4.34,3.93,5.0
2941237,74327,70,6874,1283,0.0,3.91,6811,0,30003,30003,0,2966,1604492,4.34,3.92,5.0
2941241,28388,114,6109,2449,0.0,3.56,5986,0,30004,30004,0,2903,1537782,4.33,3.2,5.0
2941266,30635,115,6096,2359,0.0,3.58,5969,0,30003,30003,0,2903,1542021,4.33,3.25,5.0
2941428,28219,114,6107,2412,0.0,3.57,5987,0,30004,30004,0,2903,1536422,4.33,3.22,5.0
2941277,72584,70,6803,1279,0.0,3.91,6741,0,30014,30014,0,2966,1630182,4.34,3.92,5.0
2941287,29750,126,6142,2795,0.0,3.46,5994,0,30007,30007,0,2934,1564382,4.33,3.02,5.0
2941294,65078,87,6932,1512,0.0,3.84,6844,0,30006,30006,0,2934,1592462,4.33,3.77,5.0
2941304,13781,115,5780,2793,0.0,3.46,5799,0,30004,30004,0,2903,1530822,4.33,3.02,5.0
2941306,48234,84,6504,1521,0.0,3.84,6438,0,30004,30004,0,2934,1647022,4.33,3.76,5.0
2941309,35303,128,6549,2626,0.0,3.51,6401,0,30003,30003,0,2934,1593781,4.33,3.11,5.0
2941322,23734,114,6104,2372,0.0,3.58,5986,0,30004,30004,0,2903,1568582,4.33,3.25,5.0
2941325,56665,84,6894,1473,0.0,3.85,6832,0,30005,30005,0,2934,1669422,4.33,3.79,5.0
2941335,37406,128,6622,2855,0.0,3.44,6470,0,30005,30005,0,2934,1546182,4.33,2.99,5.0
2941341,67304,72,6606,1338,0.0,3.89,6550,0,30003,30003,0,2966,1617092,4.34,3.88,5.0
2941349,46463,114,6694,2427,0.0,3.56,6564,0,30003,30003,0,2903,1626892,4.33,3.22,5.0
2941372,38737,120,5884,2291,0.0,3.61,5962,0,30003,30003,0,2966,1604982,4.34,3.29,5.0
2941375,25879,120,5754,2532,0.0,3.54,5802,0,30003,30003,0,2966,1583982,4.34,3.16,5.0
2941383,65173,74,6870,1295,0.0,3.91,6816,0,30004,30004,0,2966,1673092,4.34,3.91,5.0
2941388,70829,69,6270,1264,0.0,3.92,6222,0,30009,30009,0,2966,1623222,4.34,3.93,5.0
2941389,31087,127,6144,2624,0.0,3.51,6005,0,30004,30004,0,2934,1545692,4.33,3.11,5.0
2941391,37843,128,6051,2871,0.0,3.43,6058,0,30007,30007,0,2934,1569492,4.33,2.98,5.0
2941393,52964,87,6478,1552,0.0,3.83,6605,0,30003,30003,0,2934,1565292,4.33,3.74,5.0
2941394,29053,113,6396,2583,0.0,3.52,6282,0,30007,30007,0,2903,1533092,4.33,3.13,5.0
2941397,36421,120,6690,2520,0.012,3.44,6615,349,29653,30002,1,2966,1575092,4.34,3.16,4.76
2941406,33173,125,6230,2594,0.0,3.52,6089,0,30004,30004,0,2934,1584022,4.33,3.12,5.0
2941408,33600,128,6603,2657,0.0,3.5,6478,0,30005,30005,0,2934,1565292,4.33,3.09,5.0
2941410,38143,121,6370,2519,0.0,3.54,6376,0,30004,30004,0,2966,1565292,4.34,3.17,5.0
2941412,33488,126,6196,2587,0.0,3.52,6062,0,30002,30002,0,2934,1548492,4.33,3.13,5.0
2941414,36862,127,6079,2841,0.0,3.44,6090,0,30004,30004,0,2934,1621332,4.33,3.0,5.0
2941416,33488,126,6283,2598,0.0,3.52,6144,0,30005,30005,0,2934,1541982,4.33,3.12,5.0
2941417,33821,113,6888,2590,0.0,3.52,6735,0,30006,30006,0,2903,1539181,4.33,3.13,5.0
2941418,42112,120,6168,2446,0.0,3.56,6217,0,30002,30002,0,2966,1603092,4.34,3.21,5.0
2941419,35231,122,5957,2509,0.0,3.54,6006,0,30004,30004,0,2966,1589582,4.34,3.17,5.0
2941422,23841,120,6078,2463,0.0,3.56,6004,0,30004,30004,0,2966,1582621,4.34,3.2,5.0
2941438,15203,114,6114,2546,0.0,3.53,6009,0,30003,30003,0,2903,1546262,4.33,3.15,5.0
2941440,29317,121,6196,2621,0.0,3.51,6210,0,30003,30003,0,2966,1580692,4.34,3.11,5.0
2941445,30928,123,6228,2700,0.0,3.49,6215,0,30003,30003,0,2966,1586292,4.34,3.07,5.0
2941449,35504,114,6883,2626,0.0,3.51,6739,0,30005,30005,0,2903,1552692,4.33,3.11,5.0
2941463,37992,113,6359,2351,0.0,3.59,6248,0,30004,30004,0,2903,1547582,4.33,3.26,5.0
2941465,32047,126,6246,2684,0.0,3.49,6098,0,30004,30004,0,2934,1579822,4.33,3.08,5.0
2941469,34819,114,6226,2388,0.0,3.58,6116,0,30004,30004,0,2903,1568582,4.33,3.24,5.0
2941476,30564,120,6270,2806,0.0,3.46,6245,0,30003,30003,0,2966,1631092,4.34,3.01,5.0
2941478,40992,121,5948,2391,0.0,3.58,6025,0,30004,30004,0,2966,1564422,4.34,3.24,5.0
2941480,33359,127,6077,2634,0.0,3.51,6135,0,30003,30003,0,2934,1572292,4.33,3.1,5.0
2941484,31248,126,6256,2591,0.0,3.52,6124,0,30003,30003,0,2934,1548981,4.33,3.13,5.0
2941489,29427,114,6011,2661,0.0,3.49,6030,0,30002,30002,0,2903,1561092,4.33,3.09,5.0
2941495,17609,114,6110,2573,0.0,3.52,5993,0,30002,30002,0,2903,1545692,4.33,3.14,5.0
2941499,11931,112,5782,2846,0.0,3.44,5790,0,30004,30004,0,2903,1529382,4.33,2.99,5.0
2941500,28000,120,6176,2613,0.0,3.51,6102,0,30005,30005,0,2966,1613382,4.34,3.11,5.0
2941501,25726,126,5789,2675,0.0,3.49,5849,0,30005,30005,0,2934,1550150,4.33,3.08,5.0
2941502,24376,114,5786,2774,0.0,3.46,5796,0,30002,30002,0,2903,1527492,4.33,3.03,5.0
2941503,25265,127,6138,2922,0.0,3.42,5995,0,30005,30005,0,2934,1539221,4.33,2.95,5.0
2941507,18144,126,6139,2972,0.0,3.4,5999,0,30005,30005,0,2934,1578382,4.33,2.93,5.0
2941508,28329,127,6212,2861,0.0,3.44,6047,0,30003,30003,0,2934,1556022,4.33,2.99,5.0
2941510,29531,126,6395,2804,0.0,3.45,6259,0,30003,30003,0,2934,1572782,4.33,3.01,5.0
2941513,26243,126,6204,2641,0.0,3.5,6244,0,30003,30003,0,2934,1554092,4.33,3.1,5.0
2941514,28861,125,5807,2648,0.0,3.5,5866,0,30005,30005,0,2934,1614782,4.33,3.1,5.0
2941515,31446,116,6536,2394,0.0,3.57,6597,0,30003,30003,0,2903,1541492,4.33,3.23,5.0
2941518,57120,45,6064,861,0.0,4.04,6119,0,30007,30007,0,2934,1575092,4.33,4.22,5.0
2941520,80984,46,5996,824,0.0,4.05,6224,0,30012,30012,0,2934,1664692,4.33,4.25,5.0
2941530,43801,34,5890,882,0.0,4.03,6070,0,30002,30002,0,2903,1642292,4.33,4.2,5.0
2941531,27892,126,6194,2784,0.0,3.46,6054,0,30003,30003,0,2934,1560181,4.33,3.02,5.0
2941534,13015,127,5805,2926,0.0,3.42,5819,0,30005,30005,0,2934,1547092,4.33,2.95,5.0
2941538,85799,44,6148,764,0.0,4.07,6205,0,30012,30012,0,2934,1544782,4.33,4.29,5.0
2941539,27781,117,6115,2446,0.0,3.56,5986,0,30004,30004,0,2903,1530782,4.33,3.21,5.0
2941540,91941,45,6330,769,0.0,4.06,6531,0,30009,30009,0,2934,1701092,4.33,4.29,5.0
2941541,30664,128,6195,2679,0.0,3.49,6064,0,30004,30004,0,2934,1591892,4.33,3.08,5.0
2941543,79987,45,6352,809,0.0,4.05,6412,0,30004,30004,0,2934,1589582,4.33,4.26,5.0
2941545,36503,114,5865,2409,0.0,3.57,5928,0,30002,30002,0,2903,1586782,4.33,3.23,5.0
2941546,84658,46,6309,777,0.0,4.06,6378,0,30013,30013,0,2934,1561092,4.33,4.28,5.0
2941554,90720,47,6250,790,0.0,4.06,6401,0,30006,30006,0,2934,1709584,4.33,4.27,5.0
2941555,21000,113,6113,2497,0.0,3.54,5992,0,30006,30006,0,2903,1531692,4.33,3.18,5.0
2941558,12906,115,5780,2941,0.0,3.41,5773,0,30003,30003,0,2903,1534492,4.33,2.94,5.0
2941559,43482,33,5897,754,0.0,4.07,6090,0,30004,30004,0,2903,1552692,4.33,4.3,5.0
2941560,27945,114,5928,2502,0.0,3.54,5799,0,30004,30004,0,2903,1543422,4.33,3.17,5.0
2941564,34216,35,6079,935,0.0,4.01,6103,0,30002,30002,0,2903,1581222,4.33,4.17,5.0
2941569,14000,113,6105,2674,0.0,3.49,5990,0,30004,30004,0,2903,1533092,4.33,3.08,5.0
2941571,93405,45,6119,783,0.0,4.06,6358,0,30003,30003,0,2934,1659092,4.33,4.28,5.0
2941573,22421,125,6134,2639,0.0,3.5,6002,0,30005,30005,0,2934,1606382,4.33,3.1,5.0
2941579,78288,46,6089,796,0.0,4.06,6131,0,30018,30018,0,2934,1542892,4.33,4.27,5.0
2941582,89819,44,6835,763,0.0,4.07,6892,0,30009,30009,0,2934,1612944,4.33,4.29,5.0
2941585,50998,44,6061,999,0.0,3.99,6090,0,30028,30028,0,2934,1603621,4.33,4.12,5.0
2941591,48864,33,6018,711,0.0,4.08,6105,0,30006,30006,0,2903,1562492,4.33,4.33,5.0
2941592,37261,44,6058,1013,0.0,3.99,6074,0,30005,30005,0,2903,1554132,4.33,4.11,5.0
2941606,47989,42,6087,823,0.0,4.05,6541,0,30008,30008,0,2934,1561836,4.33,4.25,5.0
2941607,65167,35,5702,797,0.0,4.06,6037,0,30006,30006,0,2966,1594172,4.34,4.27,5.0
2941610,52590,45,6113,863,0.0,4.04,6137,0,30004,30004,0,2934,1607821,4.33,4.22,5.0
2941614,26815,127,5798,2628,0.0,3.51,5861,0,30003,30003,0,2934,1556892,4.33,3.11,5.0
2941617,88621,44,6084,785,0.0,4.06,6117,0,30008,30008,0,2934,1680144,4.33,4.28,5.0
2941619,27030,127,6302,2807,0.0,3.45,6145,0,30003,30003,0,2934,1565292,4.33,3.01,5.0
2941620,73222,44,6120,800,0.0,4.05,6156,0,30006,30006,0,2934,1633892,4.33,4.27,5.0
2941622,23717,114,6532,2492,0.0,3.55,6558,0,30003,30003,0,2903,1555492,4.33,3.18,5.0
2941631,79836,44,6080,837,0.0,4.04,6125,0,30003,30003,0,2934,1738021,4.33,4.24,5.0
2941636,68462,35,5957,690,0.0,4.08,6097,0,30005,30005,0,2903,1617184,4.33,4.35,5.0
2941637,73929,40,6183,762,0.0,4.07,6875,0,30006,30006,0,2934,1630172,4.33,4.29,5.0
2941642,74927,45,6090,805,0.0,4.05,6127,0,30006,30006,0,2934,1585422,4.33,4.26,5.0
2941644,58030,41,6286,846,0.0,4.04,6399,0,30005,30005,0,2966,1669052,4.34,4.23,5.0
2941650,22672,39,6143,1422,0.0,3.86,6114,0,30008,30008,0,2903,1560092,4.33,3.83,5.0
2941658,12066,76,5745,2591,0.0,3.52,5680,0,30012,30012,0,2903,1537992,4.33,3.13,5.0
2941662,97332,35,5976,624,0.0,4.11,6094,0,30006,30006,0,2903,1555544,4.33,4.4,5.0
2941664,62337,42,6029,829,0.0,4.05,6365,0,30005,30005,0,2966,1646012,4.34,4.24,5.0
2941672,47357,41,5750,817,0.0,4.05,6261,0,30003,30003,0,2934,1593884,4.33,4.25,5.0
2941676,21956,121,5764,2484,0.0,3.55,5817,0,30004,30004,0,2966,1578381,4.34,3.18,5.0
2941678,22011,59,5691,1503,0.0,3.84,5682,0,30006,30006,0,2966,1588692,4.34,3.77,5.0
